artist_name,destination,url,source_host,http_status,identity_verified,verified_at,evidence
Delivery,buyMusic,https://deliveryband.bandcamp.com/music,deliveryband.bandcamp.com,200,true,2026-07-18T09:56:38.133Z,buyMusic resolved directly and the destination metadata or an official artist-controlled cross-link matched Delivery; HTTP 200.
Delivery,bandcamp,https://deliveryband.bandcamp.com/album/deadlines-operating-at-a-loss-remixes,deliveryband.bandcamp.com,200,true,2026-07-18T09:56:37.930Z,bandcamp resolved directly and the destination metadata or an official artist-controlled cross-link matched Delivery; HTTP 200.
Delivery,youtube,https://www.youtube.com/,youtube.com,200,true,2026-07-18T09:56:39.568Z,youtube resolved directly and the destination metadata or an official artist-controlled cross-link matched Delivery; HTTP 200.
Delivery,instagram,https://www.instagram.com/delivery_lyf/,instagram.com,429,true,2026-07-18T09:56:39.853Z,instagram resolved directly and the destination metadata or an official artist-controlled cross-link matched Delivery; HTTP 429.
Delivery,facebook,https://www.facebook.com/yeswedodelivery/,facebook.com,200,true,2026-07-18T09:56:41.367Z,facebook resolved directly and the destination metadata or an official artist-controlled cross-link matched Delivery; HTTP 200.
Delivery,website,https://linktr.ee/delivery_lyf,linktr.ee,200,true,2026-07-18T09:56:37.131Z,website resolved directly and the destination metadata or an official artist-controlled cross-link matched Delivery; HTTP 200.
Delivery,merchandise,https://deliveryband.bandcamp.com/merch,deliveryband.bandcamp.com,200,true,2026-07-18T09:56:38.510Z,merchandise resolved directly and the destination metadata or an official artist-controlled cross-link matched Delivery; HTTP 200.
Delivery,featuredVideo,https://www.youtube.com/watch?v=0uyhuZNYuN0,youtube.com,200,false,2026-07-18T09:56:41.904Z,Insufficient identity evidence.
Cash Savage and the Last Drinks,buyMusic,https://bandcamp.com/signup?new_domain=cashsavageandthelastdrinks,bandcamp.com,200,true,2026-07-18T09:56:38.570Z,buyMusic resolved directly and the destination metadata or an official artist-controlled cross-link matched Cash Savage and the Last Drinks; HTTP 200.
Cash Savage and the Last Drinks,bandcamp,https://bandcamp.com/signup?new_domain=cashsavageandthelastdrinks,bandcamp.com,200,true,2026-07-18T09:56:38.570Z,bandcamp resolved directly and the destination metadata or an official artist-controlled cross-link matched Cash Savage and the Last Drinks; HTTP 200.
Cash Savage and the Last Drinks,instagram,https://www.instagram.com/cashsavageandthelastdrinks/,instagram.com,429,true,2026-07-18T09:56:40.157Z,instagram resolved directly and the destination metadata or an official artist-controlled cross-link matched Cash Savage and the Last Drinks; HTTP 429.
Cash Savage and the Last Drinks,facebook,https://www.facebook.com/cashsavageandthelastdrinks/,facebook.com,200,true,2026-07-18T09:56:41.050Z,facebook resolved directly and the destination metadata or an official artist-controlled cross-link matched Cash Savage and the Last Drinks; HTTP 200.
Cash Savage and the Last Drinks,website,https://cashsavage.com/,cashsavage.com,200,false,2026-07-18T09:56:38.255Z,Insufficient identity evidence.
Cash Savage and the Last Drinks,merchandise,https://cashsavage.com/collections/all,cashsavage.com,200,false,2026-07-18T09:56:39.418Z,Insufficient identity evidence.
Gut Health,buyMusic,https://guthealthband.bandcamp.com/,guthealthband.bandcamp.com,200,true,2026-07-18T09:56:37.898Z,buyMusic resolved directly and the destination metadata or an official artist-controlled cross-link matched Gut Health; HTTP 200.
Gut Health,bandcamp,https://guthealthband.bandcamp.com/,guthealthband.bandcamp.com,200,true,2026-07-18T09:56:37.898Z,bandcamp resolved directly and the destination metadata or an official artist-controlled cross-link matched Gut Health; HTTP 200.
Gut Health,youtube,https://www.youtube.com/,youtube.com,200,true,2026-07-18T09:56:39.568Z,youtube resolved directly and the destination metadata or an official artist-controlled cross-link matched Gut Health; HTTP 200.
Gut Health,instagram,https://www.instagram.com/gut___health/,instagram.com,429,true,2026-07-18T09:56:39.867Z,instagram resolved directly and the destination metadata or an official artist-controlled cross-link matched Gut Health; HTTP 429.
Gut Health,facebook,https://www.facebook.com/guthealthband/,facebook.com,200,true,2026-07-18T09:56:41.210Z,facebook resolved directly and the destination metadata or an official artist-controlled cross-link matched Gut Health; HTTP 200.
Gut Health,website,https://guthealth.space/,guthealth.space,200,true,2026-07-18T09:56:37.619Z,website resolved directly and the destination metadata or an official artist-controlled cross-link matched Gut Health; HTTP 200.
Gut Health,merchandise,https://guthealthband.bandcamp.com/merch,guthealthband.bandcamp.com,200,true,2026-07-18T09:56:38.159Z,merchandise resolved directly and the destination metadata or an official artist-controlled cross-link matched Gut Health; HTTP 200.
Floodlights,buyMusic,https://floodlightsband.bandcamp.com/track/abandon,floodlightsband.bandcamp.com,200,true,2026-07-18T09:56:42.168Z,buyMusic resolved directly and the destination metadata or an official artist-controlled cross-link matched Floodlights; HTTP 200.
Floodlights,bandcamp,https://floodlightsband.bandcamp.com/track/abandon,floodlightsband.bandcamp.com,200,true,2026-07-18T09:56:42.168Z,bandcamp resolved directly and the destination metadata or an official artist-controlled cross-link matched Floodlights; HTTP 200.
Floodlights,instagram,https://www.instagram.com/floodlights_band/,instagram.com,429,true,2026-07-18T09:56:43.261Z,instagram resolved directly and the destination metadata or an official artist-controlled cross-link matched Floodlights; HTTP 429.
Floodlights,facebook,https://www.facebook.com/floodlightsband/,facebook.com,200,true,2026-07-18T09:56:44.096Z,facebook resolved directly and the destination metadata or an official artist-controlled cross-link matched Floodlights; HTTP 200.
Floodlights,website,https://floodlightsband.com/,floodlightsband.com,200,true,2026-07-18T09:56:41.271Z,website resolved directly and the destination metadata or an official artist-controlled cross-link matched Floodlights; HTTP 200.
Floodlights,merchandise,https://floodlightsband.bandcamp.com/track/abandon,floodlightsband.bandcamp.com,200,true,2026-07-18T09:56:42.743Z,merchandise resolved directly and the destination metadata or an official artist-controlled cross-link matched Floodlights; HTTP 200.
RVG,buyMusic,https://rvgband.bandcamp.com/,rvgband.bandcamp.com,200,true,2026-07-18T09:56:42.143Z,buyMusic resolved directly and the destination metadata or an official artist-controlled cross-link matched RVG; HTTP 200.
RVG,bandcamp,https://rvgband.bandcamp.com/,rvgband.bandcamp.com,200,true,2026-07-18T09:56:42.143Z,bandcamp resolved directly and the destination metadata or an official artist-controlled cross-link matched RVG; HTTP 200.
RVG,youtube,https://www.youtube.com/channel/UC7kI8WjpCfFoMSNDuRh_4lA,youtube.com,200,true,2026-07-18T09:56:43.979Z,youtube resolved directly and the destination metadata or an official artist-controlled cross-link matched RVG; HTTP 200.
RVG,instagram,https://www.instagram.com/rvgband/,instagram.com,429,true,2026-07-18T09:56:44.094Z,instagram resolved directly and the destination metadata or an official artist-controlled cross-link matched RVG; HTTP 429.
RVG,facebook,https://www.facebook.com/RVGBAND/,facebook.com,200,true,2026-07-18T09:56:46.023Z,facebook resolved directly and the destination metadata or an official artist-controlled cross-link matched RVG; HTTP 200.
RVG,merchandise,https://rvgband.bandcamp.com/merch,rvgband.bandcamp.com,200,true,2026-07-18T09:56:42.710Z,merchandise resolved directly and the destination metadata or an official artist-controlled cross-link matched RVG; HTTP 200.
RVG,featuredVideo,https://www.youtube.com/watch?v=_HMrf1tN878,youtube.com,200,true,2026-07-18T09:56:46.719Z,featuredVideo resolved directly and the destination metadata or an official artist-controlled cross-link matched RVG; HTTP 200.
Maple Glider,buyMusic,https://mapleglider.bandcamp.com/,mapleglider.bandcamp.com,200,true,2026-07-18T09:56:45.429Z,buyMusic resolved directly and the destination metadata or an official artist-controlled cross-link matched Maple Glider; HTTP 200.
Maple Glider,spotify,https://open.spotify.com/artist/1Y3IqLN3JkfppIbJG2IWHk?si=S8JIeKJwQ22zQlcD5O7yjg,open.spotify.com,200,true,2026-07-18T09:56:46.914Z,spotify resolved directly and the destination metadata or an official artist-controlled cross-link matched Maple Glider; HTTP 200.
Maple Glider,bandcamp,https://mapleglider.bandcamp.com/,mapleglider.bandcamp.com,200,true,2026-07-18T09:56:45.429Z,bandcamp resolved directly and the destination metadata or an official artist-controlled cross-link matched Maple Glider; HTTP 200.
Maple Glider,youtube,https://www.youtube.com/channel/UCtNL7ZaEZYvrmZ_tUxYswJA,youtube.com,200,true,2026-07-18T09:56:47.425Z,youtube resolved directly and the destination metadata or an official artist-controlled cross-link matched Maple Glider; HTTP 200.
Maple Glider,instagram,https://www.instagram.com/mapleglider/,instagram.com,429,true,2026-07-18T09:56:47.619Z,instagram resolved directly and the destination metadata or an official artist-controlled cross-link matched Maple Glider; HTTP 429.
Maple Glider,facebook,https://www.facebook.com/mapleglider/,facebook.com,200,true,2026-07-18T09:56:49.172Z,facebook resolved directly and the destination metadata or an official artist-controlled cross-link matched Maple Glider; HTTP 200.
Maple Glider,website,https://mapleglider.com/,mapleglider.com,200,true,2026-07-18T09:56:45.026Z,website resolved directly and the destination metadata or an official artist-controlled cross-link matched Maple Glider; HTTP 200.
Maple Glider,merchandise,https://mapleglider.bandcamp.com/merch,mapleglider.bandcamp.com,200,true,2026-07-18T09:56:45.933Z,merchandise resolved directly and the destination metadata or an official artist-controlled cross-link matched Maple Glider; HTTP 200.
Maple Glider,featuredVideo,https://www.youtube.com/watch?v=_7dJll6MI0E,youtube.com,200,true,2026-07-18T09:56:50.079Z,featuredVideo resolved directly and the destination metadata or an official artist-controlled cross-link matched Maple Glider; HTTP 200.
Folk Bitch Trio,buyMusic,https://folkbitchtrio.bandcamp.com/album/now-would-be-a-good-time,folkbitchtrio.bandcamp.com,200,true,2026-07-18T09:56:45.359Z,buyMusic resolved directly and the destination metadata or an official artist-controlled cross-link matched Folk Bitch Trio; HTTP 200.
Folk Bitch Trio,spotify,https://open.spotify.com/artist/26jdbJyBkpr6LivDYvKp2r?si=yTnt-i2wTfuTBIkRbt3C_w,open.spotify.com,200,true,2026-07-18T09:56:46.629Z,spotify resolved directly and the destination metadata or an official artist-controlled cross-link matched Folk Bitch Trio; HTTP 200.
Folk Bitch Trio,bandcamp,https://folkbitchtrio.bandcamp.com/album/now-would-be-a-good-time,folkbitchtrio.bandcamp.com,200,true,2026-07-18T09:56:45.359Z,bandcamp resolved directly and the destination metadata or an official artist-controlled cross-link matched Folk Bitch Trio; HTTP 200.
Folk Bitch Trio,youtube,https://www.youtube.com/@folkbitchtrioforever,youtube.com,200,true,2026-07-18T09:56:47.114Z,youtube resolved directly and the destination metadata or an official artist-controlled cross-link matched Folk Bitch Trio; HTTP 200.
Folk Bitch Trio,instagram,https://www.instagram.com/folkbitchtrio/,instagram.com,429,true,2026-07-18T09:56:47.255Z,instagram resolved directly and the destination metadata or an official artist-controlled cross-link matched Folk Bitch Trio; HTTP 429.
Folk Bitch Trio,facebook,https://www.facebook.com/folkbitchtrio/,facebook.com,200,true,2026-07-18T09:56:48.051Z,facebook resolved directly and the destination metadata or an official artist-controlled cross-link matched Folk Bitch Trio; HTTP 200.
Folk Bitch Trio,website,https://www.folkbitchtrio.com/,folkbitchtrio.com,200,true,2026-07-18T09:56:44.454Z,website resolved directly and the destination metadata or an official artist-controlled cross-link matched Folk Bitch Trio; HTTP 200.
Folk Bitch Trio,merchandise,https://folkbitchtrio.bandcamp.com/merch,folkbitchtrio.bandcamp.com,200,true,2026-07-18T09:56:45.603Z,merchandise resolved directly and the destination metadata or an official artist-controlled cross-link matched Folk Bitch Trio; HTTP 200.
Folk Bitch Trio,featuredVideo,https://www.youtube.com/watch?v=gekUkl5Y2U8,youtube.com,200,true,2026-07-18T09:56:49.010Z,featuredVideo resolved directly and the destination metadata or an official artist-controlled cross-link matched Folk Bitch Trio; HTTP 200.
Nice Biscuit,buyMusic,https://nicebiscuit.bandcamp.com/,nicebiscuit.bandcamp.com,200,true,2026-07-18T09:56:49.226Z,buyMusic resolved directly and the destination metadata or an official artist-controlled cross-link matched Nice Biscuit; HTTP 200.
Nice Biscuit,bandcamp,https://nicebiscuit.bandcamp.com/,nicebiscuit.bandcamp.com,200,true,2026-07-18T09:56:49.226Z,bandcamp resolved directly and the destination metadata or an official artist-controlled cross-link matched Nice Biscuit; HTTP 200.
Nice Biscuit,youtube,https://www.youtube.com/,youtube.com,200,true,2026-07-18T09:56:39.568Z,youtube resolved directly and the destination metadata or an official artist-controlled cross-link matched Nice Biscuit; HTTP 200.
Nice Biscuit,instagram,https://www.instagram.com/nicebiscuitband/,instagram.com,429,true,2026-07-18T09:56:51.131Z,instagram resolved directly and the destination metadata or an official artist-controlled cross-link matched Nice Biscuit; HTTP 429.
Nice Biscuit,facebook,https://www.facebook.com/nicebiscuitband/,facebook.com,200,true,2026-07-18T09:56:52.384Z,facebook resolved directly and the destination metadata or an official artist-controlled cross-link matched Nice Biscuit; HTTP 200.
Nice Biscuit,merchandise,https://nicebiscuit.bandcamp.com/merch,nicebiscuit.bandcamp.com,200,true,2026-07-18T09:56:49.464Z,merchandise resolved directly and the destination metadata or an official artist-controlled cross-link matched Nice Biscuit; HTTP 200.
Bananagun,buyMusic,https://bananagun.bandcamp.com/track/day-by-day,bananagun.bandcamp.com,200,true,2026-07-18T09:56:50.455Z,buyMusic resolved directly and the destination metadata or an official artist-controlled cross-link matched Bananagun; HTTP 200.
Bananagun,bandcamp,https://bananagun.bandcamp.com/track/day-by-day,bananagun.bandcamp.com,200,true,2026-07-18T09:56:50.455Z,bandcamp resolved directly and the destination metadata or an official artist-controlled cross-link matched Bananagun; HTTP 200.
Bananagun,youtube,https://www.youtube.com/channel/UC7kI8WjpCfFoMSNDuRh_4lA,youtube.com,200,true,2026-07-18T09:56:43.979Z,youtube resolved directly and the destination metadata or an official artist-controlled cross-link matched Bananagun; HTTP 200.
Bananagun,instagram,https://www.instagram.com/bananagun_band/,instagram.com,429,true,2026-07-18T09:56:51.838Z,instagram resolved directly and the destination metadata or an official artist-controlled cross-link matched Bananagun; HTTP 429.
Bananagun,facebook,https://www.facebook.com/bananagunband/,facebook.com,200,true,2026-07-18T09:56:52.645Z,facebook resolved directly and the destination metadata or an official artist-controlled cross-link matched Bananagun; HTTP 200.
Bananagun,website,https://www.bananagun.com/,bananagun.com,200,true,2026-07-18T09:56:49.713Z,website resolved directly and the destination metadata or an official artist-controlled cross-link matched Bananagun; HTTP 200.
Bananagun,merchandise,https://bananagun.bandcamp.com/merch,bananagun.bandcamp.com,200,true,2026-07-18T09:56:50.833Z,merchandise resolved directly and the destination metadata or an official artist-controlled cross-link matched Bananagun; HTTP 200.
Bananagun,featuredVideo,https://www.youtube.com/watch?v=_HMrf1tN878,youtube.com,200,true,2026-07-18T09:56:46.719Z,featuredVideo resolved directly and the destination metadata or an official artist-controlled cross-link matched Bananagun; HTTP 200.
Surprise Chef,buyMusic,https://surprisechef.bandcamp.com/,surprisechef.bandcamp.com,200,true,2026-07-18T09:56:54.677Z,buyMusic resolved directly and the destination metadata or an official artist-controlled cross-link matched Surprise Chef; HTTP 200.
Surprise Chef,bandcamp,https://surprisechef.bandcamp.com/,surprisechef.bandcamp.com,200,true,2026-07-18T09:56:54.677Z,bandcamp resolved directly and the destination metadata or an official artist-controlled cross-link matched Surprise Chef; HTTP 200.
Surprise Chef,instagram,https://www.instagram.com/surprisecheff/,instagram.com,429,true,2026-07-18T09:56:56.187Z,instagram resolved directly and the destination metadata or an official artist-controlled cross-link matched Surprise Chef; HTTP 429.
Surprise Chef,facebook,https://www.facebook.com/surprisecheff/,facebook.com,200,true,2026-07-18T09:56:57.047Z,facebook resolved directly and the destination metadata or an official artist-controlled cross-link matched Surprise Chef; HTTP 200.
Surprise Chef,merchandise,https://surprisechef.bandcamp.com/merch,surprisechef.bandcamp.com,200,true,2026-07-18T09:56:55.310Z,merchandise resolved directly and the destination metadata or an official artist-controlled cross-link matched Surprise Chef; HTTP 200.
Surprise Chef,newsReviews,https://www.allmusic.com/album/education-recreation-mw0003930568,allmusic.com,200,false,2026-07-18T09:56:55.997Z,Insufficient identity evidence.
Karate Boogaloo,buyMusic,https://karateboogaloo.bandcamp.com/,karateboogaloo.bandcamp.com,200,true,2026-07-18T09:56:55.362Z,buyMusic resolved directly and the destination metadata or an official artist-controlled cross-link matched Karate Boogaloo; HTTP 200.
Karate Boogaloo,bandcamp,https://karateboogaloo.bandcamp.com/,karateboogaloo.bandcamp.com,200,true,2026-07-18T09:56:55.362Z,bandcamp resolved directly and the destination metadata or an official artist-controlled cross-link matched Karate Boogaloo; HTTP 200.
Karate Boogaloo,instagram,https://www.instagram.com/karateboogaloo/,instagram.com,429,true,2026-07-18T09:56:56.848Z,instagram resolved directly and the destination metadata or an official artist-controlled cross-link matched Karate Boogaloo; HTTP 429.
Karate Boogaloo,facebook,https://www.facebook.com/karateboogaloo/,facebook.com,200,true,2026-07-18T09:56:58.160Z,facebook resolved directly and the destination metadata or an official artist-controlled cross-link matched Karate Boogaloo; HTTP 200.
Karate Boogaloo,merchandise,https://karateboogaloo.bandcamp.com/merch,karateboogaloo.bandcamp.com,200,true,2026-07-18T09:56:56.245Z,merchandise resolved directly and the destination metadata or an official artist-controlled cross-link matched Karate Boogaloo; HTTP 200.
Karate Boogaloo,newsReviews,https://www.allmusic.com/artist/karate-boogaloo-mn0003733662,allmusic.com,403,true,2026-07-18T09:56:56.417Z,newsReviews resolved directly and the destination metadata or an official artist-controlled cross-link matched Karate Boogaloo; HTTP 403.
The Prize,buyMusic,https://theprizeband.bandcamp.com/album/the-prize,theprizeband.bandcamp.com,200,true,2026-07-18T09:56:56.495Z,buyMusic resolved directly and the destination metadata or an official artist-controlled cross-link matched The Prize; HTTP 200.
The Prize,bandcamp,https://theprizeband.bandcamp.com/album/the-prize,theprizeband.bandcamp.com,200,true,2026-07-18T09:56:56.495Z,bandcamp resolved directly and the destination metadata or an official artist-controlled cross-link matched The Prize; HTTP 200.
The Prize,youtube,https://www.youtube.com/watch?v=pP32mPSQC6I&feature=youtu.be,youtube.com,200,true,2026-07-18T09:56:58.637Z,youtube resolved directly and the destination metadata or an official artist-controlled cross-link matched The Prize; HTTP 200.
The Prize,instagram,https://www.instagram.com/theprizeband/,instagram.com,429,true,2026-07-18T09:56:58.728Z,instagram resolved directly and the destination metadata or an official artist-controlled cross-link matched The Prize; HTTP 429.
The Prize,facebook,https://www.facebook.com/theprizeband/,facebook.com,200,true,2026-07-18T09:56:59.715Z,facebook resolved directly and the destination metadata or an official artist-controlled cross-link matched The Prize; HTTP 200.
The Prize,website,https://linktr.ee/theprizeband,linktr.ee,200,true,2026-07-18T09:56:55.194Z,website resolved directly and the destination metadata or an official artist-controlled cross-link matched The Prize; HTTP 200.
The Prize,merchandise,https://theprizeband.bandcamp.com/album/the-prize,theprizeband.bandcamp.com,200,true,2026-07-18T09:56:57.324Z,merchandise resolved directly and the destination metadata or an official artist-controlled cross-link matched The Prize; HTTP 200.
The Prize,newsReviews,https://www.nme.com/wp-content/uploads/2023/09/Gen_V_Godolkin_University.jpg,nme.com,200,false,2026-07-18T09:56:57.612Z,Insufficient identity evidence.
The Prize,featuredVideo,https://www.youtube.com/watch?v=pP32mPSQC6I&feature=youtu.be,youtube.com,200,false,2026-07-18T09:56:58.637Z,Insufficient identity evidence.
Split System,buyMusic,https://splitsystem.bandcamp.com/,splitsystem.bandcamp.com,200,true,2026-07-18T09:57:00.778Z,buyMusic resolved directly and the destination metadata or an official artist-controlled cross-link matched Split System; HTTP 200.
Split System,bandcamp,https://splitsystem.bandcamp.com/,splitsystem.bandcamp.com,200,true,2026-07-18T09:57:00.778Z,bandcamp resolved directly and the destination metadata or an official artist-controlled cross-link matched Split System; HTTP 200.
Split System,instagram,https://www.instagram.com/splitsystemband/,instagram.com,429,true,2026-07-18T09:57:01.979Z,instagram resolved directly and the destination metadata or an official artist-controlled cross-link matched Split System; HTTP 429.
Split System,facebook,https://www.facebook.com/splitsystemband/,facebook.com,200,true,2026-07-18T09:57:02.711Z,facebook resolved directly and the destination metadata or an official artist-controlled cross-link matched Split System; HTTP 200.
Split System,merchandise,https://splitsystem.bandcamp.com/merch,splitsystem.bandcamp.com,200,true,2026-07-18T09:57:01.026Z,merchandise resolved directly and the destination metadata or an official artist-controlled cross-link matched Split System; HTTP 200.
Split System,newsReviews,https://www.maximumrocknroll.com/band/split-system/,maximumrocknroll.com,200,true,2026-07-18T09:57:01.536Z,newsReviews resolved directly and the destination metadata or an official artist-controlled cross-link matched Split System; HTTP 200.
CLAMM,buyMusic,https://clamm.bandcamp.com/album/pearl-singing-along-to-the-static,clamm.bandcamp.com,200,true,2026-07-18T09:57:03.156Z,buyMusic resolved directly and the destination metadata or an official artist-controlled cross-link matched CLAMM; HTTP 200.
CLAMM,bandcamp,https://clamm.bandcamp.com/album/pearl-singing-along-to-the-static,clamm.bandcamp.com,200,true,2026-07-18T09:57:03.156Z,bandcamp resolved directly and the destination metadata or an official artist-controlled cross-link matched CLAMM; HTTP 200.
CLAMM,instagram,https://www.instagram.com/clamm_band/,instagram.com,429,true,2026-07-18T09:57:04.407Z,instagram resolved directly and the destination metadata or an official artist-controlled cross-link matched CLAMM; HTTP 429.
CLAMM,facebook,https://www.facebook.com/clammband/,facebook.com,200,true,2026-07-18T09:57:05.176Z,facebook resolved directly and the destination metadata or an official artist-controlled cross-link matched CLAMM; HTTP 200.
CLAMM,merchandise,https://clamm.bandcamp.com/album/pearl-singing-along-to-the-static,clamm.bandcamp.com,200,true,2026-07-18T09:57:03.861Z,merchandise resolved directly and the destination metadata or an official artist-controlled cross-link matched CLAMM; HTTP 200.
CLAMM,newsReviews,https://www.nme.com/wp-content/uploads/2022/08/Robin-Pecknold-of-Fleet-Foxes.-Credit-Jim-BennettGetty-Images.jpg,nme.com,200,false,2026-07-18T09:57:04.114Z,Insufficient identity evidence.
Bench Press,buyMusic,https://benchpressband.bandcamp.com/,benchpressband.bandcamp.com,200,true,2026-07-18T09:57:01.315Z,buyMusic resolved directly and the destination metadata or an official artist-controlled cross-link matched Bench Press; HTTP 200.
Bench Press,bandcamp,https://benchpressband.bandcamp.com/,benchpressband.bandcamp.com,200,true,2026-07-18T09:57:01.315Z,bandcamp resolved directly and the destination metadata or an official artist-controlled cross-link matched Bench Press; HTTP 200.
Bench Press,youtube,https://www.youtube.com/user/beatTV,youtube.com,200,true,2026-07-18T09:57:04.270Z,youtube resolved directly and the destination metadata or an official artist-controlled cross-link matched Bench Press; HTTP 200.
Bench Press,instagram,https://www.instagram.com/benchpressband/,instagram.com,429,true,2026-07-18T09:57:04.416Z,instagram resolved directly and the destination metadata or an official artist-controlled cross-link matched Bench Press; HTTP 429.
Bench Press,facebook,https://www.facebook.com/benchpressband/,facebook.com,200,true,2026-07-18T09:57:05.163Z,facebook resolved directly and the destination metadata or an official artist-controlled cross-link matched Bench Press; HTTP 200.
Bench Press,website,https://linktr.ee/benchpressband,linktr.ee,200,true,2026-07-18T09:57:00.829Z,website resolved directly and the destination metadata or an official artist-controlled cross-link matched Bench Press; HTTP 200.
Bench Press,merchandise,https://benchpressband.bandcamp.com/releases,benchpressband.bandcamp.com,200,true,2026-07-18T09:57:01.863Z,merchandise resolved directly and the destination metadata or an official artist-controlled cross-link matched Bench Press; HTTP 200.
Bench Press,featuredVideo,https://www.youtube.com/watch?v=lz0S9Jul0-U,youtube.com,200,true,2026-07-18T09:57:05.815Z,featuredVideo resolved directly and the destination metadata or an official artist-controlled cross-link matched Bench Press; HTTP 200.
Pinch Points,buyMusic,https://pinchpoints.bandcamp.com/album/mechanical-injury-reissue,pinchpoints.bandcamp.com,200,true,2026-07-18T09:57:05.480Z,buyMusic resolved directly and the destination metadata or an official artist-controlled cross-link matched Pinch Points; HTTP 200.
Pinch Points,bandcamp,https://pinchpoints.bandcamp.com/album/mechanical-injury-reissue,pinchpoints.bandcamp.com,200,true,2026-07-18T09:57:05.480Z,bandcamp resolved directly and the destination metadata or an official artist-controlled cross-link matched Pinch Points; HTTP 200.
Pinch Points,youtube,https://www.youtube.com/channel/UC1FJGIqmHEU8fjrBC9lJZTQ,youtube.com,200,true,2026-07-18T09:57:07.199Z,youtube resolved directly and the destination metadata or an official artist-controlled cross-link matched Pinch Points; HTTP 200.
Pinch Points,instagram,https://www.instagram.com/pinchpointsband/,instagram.com,429,true,2026-07-18T09:57:07.414Z,instagram resolved directly and the destination metadata or an official artist-controlled cross-link matched Pinch Points; HTTP 429.
Pinch Points,facebook,https://www.facebook.com/pinchpointsband/,facebook.com,200,true,2026-07-18T09:57:08.257Z,facebook resolved directly and the destination metadata or an official artist-controlled cross-link matched Pinch Points; HTTP 200.
Pinch Points,merchandise,https://pinchpoints.bandcamp.com/merch,pinchpoints.bandcamp.com,200,true,2026-07-18T09:57:05.979Z,merchandise resolved directly and the destination metadata or an official artist-controlled cross-link matched Pinch Points; HTTP 200.
Pinch Points,featuredVideo,https://www.youtube.com/watch?v=NFuyEWBeZRM,youtube.com,200,true,2026-07-18T09:57:11.088Z,featuredVideo resolved directly and the destination metadata or an official artist-controlled cross-link matched Pinch Points; HTTP 200.
Mod Con,buyMusic,https://modcon.bandcamp.com/album/first-contact-ep,modcon.bandcamp.com,200,true,2026-07-18T09:57:08.791Z,buyMusic resolved directly and the destination metadata or an official artist-controlled cross-link matched Mod Con; HTTP 200.
Mod Con,bandcamp,https://modcon.bandcamp.com/album/first-contact-ep,modcon.bandcamp.com,200,true,2026-07-18T09:57:08.791Z,bandcamp resolved directly and the destination metadata or an official artist-controlled cross-link matched Mod Con; HTTP 200.
Mod Con,instagram,https://www.instagram.com/mod_con/,instagram.com,429,true,2026-07-18T09:57:09.609Z,instagram resolved directly and the destination metadata or an official artist-controlled cross-link matched Mod Con; HTTP 429.
Mod Con,facebook,https://www.facebook.com/modconband/,facebook.com,200,true,2026-07-18T09:57:10.525Z,facebook resolved directly and the destination metadata or an official artist-controlled cross-link matched Mod Con; HTTP 200.
Mod Con,merchandise,https://modcon.bandcamp.com/album/first-contact-ep,modcon.bandcamp.com,200,true,2026-07-18T09:57:09.074Z,merchandise resolved directly and the destination metadata or an official artist-controlled cross-link matched Mod Con; HTTP 200.
Mess Esque,buyMusic,https://messesque.bandcamp.com/,messesque.bandcamp.com,200,true,2026-07-18T09:57:09.827Z,buyMusic resolved directly and the destination metadata or an official artist-controlled cross-link matched Mess Esque; HTTP 200.
Mess Esque,bandcamp,https://messesque.bandcamp.com/,messesque.bandcamp.com,200,true,2026-07-18T09:57:09.827Z,bandcamp resolved directly and the destination metadata or an official artist-controlled cross-link matched Mess Esque; HTTP 200.
Mess Esque,youtube,https://www.youtube.com/channel/UC7kI8WjpCfFoMSNDuRh_4lA,youtube.com,200,true,2026-07-18T09:56:43.979Z,youtube resolved directly and the destination metadata or an official artist-controlled cross-link matched Mess Esque; HTTP 200.
Mess Esque,instagram,https://www.instagram.com/mess_esque/,instagram.com,429,true,2026-07-18T09:57:10.996Z,instagram resolved directly and the destination metadata or an official artist-controlled cross-link matched Mess Esque; HTTP 429.
Mess Esque,facebook,https://www.facebook.com/messesque/,facebook.com,200,true,2026-07-18T09:57:12.010Z,facebook resolved directly and the destination metadata or an official artist-controlled cross-link matched Mess Esque; HTTP 200.
Mess Esque,website,https://www.messesque.com/,messesque.com,200,true,2026-07-18T09:57:09.370Z,website resolved directly and the destination metadata or an official artist-controlled cross-link matched Mess Esque; HTTP 200.
Mess Esque,merchandise,https://messesque.bandcamp.com/merch,messesque.bandcamp.com,200,true,2026-07-18T09:57:10.062Z,merchandise resolved directly and the destination metadata or an official artist-controlled cross-link matched Mess Esque; HTTP 200.
Mess Esque,featuredVideo,https://www.youtube.com/watch?v=_HMrf1tN878,youtube.com,200,true,2026-07-18T09:56:46.719Z,featuredVideo resolved directly and the destination metadata or an official artist-controlled cross-link matched Mess Esque; HTTP 200.
Acopia,buyMusic,https://acopia.bandcamp.com/,acopia.bandcamp.com,200,true,2026-07-18T09:57:12.974Z,buyMusic resolved directly and the destination metadata or an official artist-controlled cross-link matched Acopia; HTTP 200.
Acopia,bandcamp,https://acopia.bandcamp.com/,acopia.bandcamp.com,200,true,2026-07-18T09:57:12.974Z,bandcamp resolved directly and the destination metadata or an official artist-controlled cross-link matched Acopia; HTTP 200.
Acopia,youtube,https://www.youtube.com/@acopiagroupltd,youtube.com,200,true,2026-07-18T09:57:14.288Z,youtube resolved directly and the destination metadata or an official artist-controlled cross-link matched Acopia; HTTP 200.
Acopia,instagram,https://www.instagram.com/acopia/,instagram.com,429,true,2026-07-18T09:57:14.564Z,instagram resolved directly and the destination metadata or an official artist-controlled cross-link matched Acopia; HTTP 429.
Acopia,facebook,https://www.facebook.com/acopiamusic/,facebook.com,200,true,2026-07-18T09:57:15.526Z,facebook resolved directly and the destination metadata or an official artist-controlled cross-link matched Acopia; HTTP 200.
Acopia,website,https://acopia.co.uk/,acopia.co.uk,200,true,2026-07-18T09:57:12.709Z,website resolved directly and the destination metadata or an official artist-controlled cross-link matched Acopia; HTTP 200.
Acopia,merchandise,https://acopia.bandcamp.com/merch,acopia.bandcamp.com,200,true,2026-07-18T09:57:13.392Z,merchandise resolved directly and the destination metadata or an official artist-controlled cross-link matched Acopia; HTTP 200.
Acopia,featuredVideo,https://www.youtube.com/watch?v=l3ei0-8wmpc,youtube.com,200,true,2026-07-18T09:57:16.083Z,featuredVideo resolved directly and the destination metadata or an official artist-controlled cross-link matched Acopia; HTTP 200.
Screensaver,buyMusic,https://bandcamp.com/signup?new_domain=screensaverband,bandcamp.com,200,true,2026-07-18T09:57:12.607Z,buyMusic resolved directly and the destination metadata or an official artist-controlled cross-link matched Screensaver; HTTP 200.
Screensaver,bandcamp,https://bandcamp.com/signup?new_domain=screensaverband,bandcamp.com,200,true,2026-07-18T09:57:12.607Z,bandcamp resolved directly and the destination metadata or an official artist-controlled cross-link matched Screensaver; HTTP 200.
Screensaver,instagram,https://www.instagram.com/screensaverband/,instagram.com,429,true,2026-07-18T09:57:13.538Z,instagram resolved directly and the destination metadata or an official artist-controlled cross-link matched Screensaver; HTTP 429.
Screensaver,facebook,https://www.facebook.com/screensaverband/,facebook.com,200,true,2026-07-18T09:57:14.300Z,facebook resolved directly and the destination metadata or an official artist-controlled cross-link matched Screensaver; HTTP 200.
Screensaver,newsReviews,https://www.maximumrocknroll.com/band/screensaver/,maximumrocknroll.com,200,true,2026-07-18T09:57:13.338Z,newsReviews resolved directly and the destination metadata or an official artist-controlled cross-link matched Screensaver; HTTP 200.
Cool Sounds,buyMusic,https://coolsounds.bandcamp.com/,coolsounds.bandcamp.com,200,true,2026-07-18T09:57:15.058Z,buyMusic resolved directly and the destination metadata or an official artist-controlled cross-link matched Cool Sounds; HTTP 200.
Cool Sounds,bandcamp,https://coolsounds.bandcamp.com/,coolsounds.bandcamp.com,200,true,2026-07-18T09:57:15.058Z,bandcamp resolved directly and the destination metadata or an official artist-controlled cross-link matched Cool Sounds; HTTP 200.
Cool Sounds,youtube,https://www.youtube.com/stereogum,youtube.com,200,true,2026-07-18T09:57:16.996Z,youtube resolved directly and the destination metadata or an official artist-controlled cross-link matched Cool Sounds; HTTP 200.
Cool Sounds,instagram,https://www.instagram.com/coolsoundsband/,instagram.com,429,true,2026-07-18T09:57:17.246Z,instagram resolved directly and the destination metadata or an official artist-controlled cross-link matched Cool Sounds; HTTP 429.
Cool Sounds,facebook,https://www.facebook.com/coolsoundsband/,facebook.com,200,true,2026-07-18T09:57:18.036Z,facebook resolved directly and the destination metadata or an official artist-controlled cross-link matched Cool Sounds; HTTP 200.
Cool Sounds,merchandise,https://coolsounds.bandcamp.com/releases,coolsounds.bandcamp.com,200,true,2026-07-18T09:57:15.402Z,merchandise resolved directly and the destination metadata or an official artist-controlled cross-link matched Cool Sounds; HTTP 200.
Cool Sounds,featuredVideo,https://www.youtube.com/watch?v=U6P13k8LxmM,youtube.com,200,true,2026-07-18T09:57:20.997Z,featuredVideo resolved directly and the destination metadata or an official artist-controlled cross-link matched Cool Sounds; HTTP 200.
The Stroppies,buyMusic,https://thestroppies.bandcamp.com/album/levity,thestroppies.bandcamp.com,200,true,2026-07-18T09:57:17.384Z,buyMusic resolved directly and the destination metadata or an official artist-controlled cross-link matched The Stroppies; HTTP 200.
The Stroppies,bandcamp,https://thestroppies.bandcamp.com/album/levity,thestroppies.bandcamp.com,200,true,2026-07-18T09:57:17.384Z,bandcamp resolved directly and the destination metadata or an official artist-controlled cross-link matched The Stroppies; HTTP 200.
The Stroppies,youtube,https://www.youtube.com/channel/UC7kI8WjpCfFoMSNDuRh_4lA,youtube.com,200,true,2026-07-18T09:56:43.979Z,youtube resolved directly and the destination metadata or an official artist-controlled cross-link matched The Stroppies; HTTP 200.
The Stroppies,instagram,https://www.instagram.com/thestroppies/,instagram.com,429,true,2026-07-18T09:57:18.635Z,instagram resolved directly and the destination metadata or an official artist-controlled cross-link matched The Stroppies; HTTP 429.
The Stroppies,facebook,https://www.facebook.com/thestroppies/,facebook.com,200,true,2026-07-18T09:57:19.504Z,facebook resolved directly and the destination metadata or an official artist-controlled cross-link matched The Stroppies; HTTP 200.
The Stroppies,merchandise,https://thestroppies.bandcamp.com/merch,thestroppies.bandcamp.com,200,true,2026-07-18T09:57:17.658Z,merchandise resolved directly and the destination metadata or an official artist-controlled cross-link matched The Stroppies; HTTP 200.
The Stroppies,featuredVideo,https://www.youtube.com/watch?v=_HMrf1tN878,youtube.com,200,true,2026-07-18T09:56:46.719Z,featuredVideo resolved directly and the destination metadata or an official artist-controlled cross-link matched The Stroppies; HTTP 200.
Parsnip,buyMusic,https://parsnip.bandcamp.com/,parsnip.bandcamp.com,200,true,2026-07-18T09:57:16.721Z,buyMusic resolved directly and the destination metadata or an official artist-controlled cross-link matched Parsnip; HTTP 200.
Parsnip,bandcamp,https://parsnip.bandcamp.com/,parsnip.bandcamp.com,200,true,2026-07-18T09:57:16.721Z,bandcamp resolved directly and the destination metadata or an official artist-controlled cross-link matched Parsnip; HTTP 200.
Parsnip,instagram,https://www.instagram.com/parsnipband/,instagram.com,429,true,2026-07-18T09:57:17.618Z,instagram resolved directly and the destination metadata or an official artist-controlled cross-link matched Parsnip; HTTP 429.
Parsnip,facebook,https://www.facebook.com/parsnipband/,facebook.com,200,true,2026-07-18T09:57:18.446Z,facebook resolved directly and the destination metadata or an official artist-controlled cross-link matched Parsnip; HTTP 200.
Parsnip,merchandise,https://parsnip.bandcamp.com/releases,parsnip.bandcamp.com,200,true,2026-07-18T09:57:17.063Z,merchandise resolved directly and the destination metadata or an official artist-controlled cross-link matched Parsnip; HTTP 200.
Parsnip,newsReviews,https://www.allmusic.com/artist/parsnip-mn0003802594,allmusic.com,403,true,2026-07-18T09:57:17.183Z,newsReviews resolved directly and the destination metadata or an official artist-controlled cross-link matched Parsnip; HTTP 403.
Vintage Crop,buyMusic,https://vintagecrop.bandcamp.com/album/springtime,vintagecrop.bandcamp.com,200,true,2026-07-18T09:57:20.305Z,buyMusic resolved directly and the destination metadata or an official artist-controlled cross-link matched Vintage Crop; HTTP 200.
Vintage Crop,bandcamp,https://vintagecrop.bandcamp.com/album/springtime,vintagecrop.bandcamp.com,200,true,2026-07-18T09:57:20.305Z,bandcamp resolved directly and the destination metadata or an official artist-controlled cross-link matched Vintage Crop; HTTP 200.
Vintage Crop,youtube,https://www.youtube.com/watch?si=gJLXFpHji9Uo-u4G&v=nxQ4AZHhLN4&feature=youtu.be,youtube.com,200,false,2026-07-18T09:57:22.729Z,Insufficient identity evidence.
Vintage Crop,instagram,https://www.instagram.com/vintagecropband/,instagram.com,429,true,2026-07-18T09:57:22.874Z,instagram resolved directly and the destination metadata or an official artist-controlled cross-link matched Vintage Crop; HTTP 429.
Vintage Crop,facebook,https://www.facebook.com/vintagecropband/,facebook.com,200,true,2026-07-18T09:57:23.818Z,facebook resolved directly and the destination metadata or an official artist-controlled cross-link matched Vintage Crop; HTTP 200.
Vintage Crop,website,https://linktr.ee/vintagecrop,linktr.ee,200,true,2026-07-18T09:57:18.585Z,website resolved directly and the destination metadata or an official artist-controlled cross-link matched Vintage Crop; HTTP 200.
Vintage Crop,merchandise,https://vintagecrop.bandcamp.com/merch,vintagecrop.bandcamp.com,200,true,2026-07-18T09:57:21.073Z,merchandise resolved directly and the destination metadata or an official artist-controlled cross-link matched Vintage Crop; HTTP 200.
Vintage Crop,newsReviews,https://www.maximumrocknroll.com/band/vintage-crop/,maximumrocknroll.com,200,true,2026-07-18T09:57:21.718Z,newsReviews resolved directly and the destination metadata or an official artist-controlled cross-link matched Vintage Crop; HTTP 200.
Vintage Crop,featuredVideo,https://www.youtube.com/watch?si=gJLXFpHji9Uo-u4G&v=nxQ4AZHhLN4&feature=youtu.be,youtube.com,200,false,2026-07-18T09:57:22.729Z,Insufficient identity evidence.
Alien Nosejob,buyMusic,https://aliennosejob.bandcamp.com/,aliennosejob.bandcamp.com,200,true,2026-07-18T09:57:21.632Z,buyMusic resolved directly and the destination metadata or an official artist-controlled cross-link matched Alien Nosejob; HTTP 200.
Alien Nosejob,bandcamp,https://aliennosejob.bandcamp.com/,aliennosejob.bandcamp.com,200,true,2026-07-18T09:57:21.632Z,bandcamp resolved directly and the destination metadata or an official artist-controlled cross-link matched Alien Nosejob; HTTP 200.
Alien Nosejob,youtube,https://www.youtube.com/watch?v=NcIZ4lTguys&feature=youtu.be,youtube.com,200,false,2026-07-18T09:57:23.040Z,Insufficient identity evidence.
Alien Nosejob,instagram,https://www.instagram.com/aliennosejob/,instagram.com,429,true,2026-07-18T09:57:23.224Z,instagram resolved directly and the destination metadata or an official artist-controlled cross-link matched Alien Nosejob; HTTP 429.
Alien Nosejob,facebook,https://www.facebook.com/aliennosejob/,facebook.com,200,true,2026-07-18T09:57:24.048Z,facebook resolved directly and the destination metadata or an official artist-controlled cross-link matched Alien Nosejob; HTTP 200.
Alien Nosejob,website,https://linktr.ee/aliennosejob,linktr.ee,200,true,2026-07-18T09:57:21.030Z,website resolved directly and the destination metadata or an official artist-controlled cross-link matched Alien Nosejob; HTTP 200.
Alien Nosejob,merchandise,https://aliennosejob.bandcamp.com/merch,aliennosejob.bandcamp.com,200,true,2026-07-18T09:57:21.891Z,merchandise resolved directly and the destination metadata or an official artist-controlled cross-link matched Alien Nosejob; HTTP 200.
Alien Nosejob,newsReviews,https://www.maximumrocknroll.com/band/alien-nosejob/,maximumrocknroll.com,200,true,2026-07-18T09:57:22.142Z,newsReviews resolved directly and the destination metadata or an official artist-controlled cross-link matched Alien Nosejob; HTTP 200.
Alien Nosejob,featuredVideo,https://www.youtube.com/watch?v=NcIZ4lTguys&feature=youtu.be,youtube.com,200,false,2026-07-18T09:57:23.040Z,Insufficient identity evidence.
Romero,buyMusic,https://romeromelbourne.bandcamp.com/album/turn-it-on,romeromelbourne.bandcamp.com,200,true,2026-07-18T09:57:22.526Z,buyMusic resolved directly and the destination metadata or an official artist-controlled cross-link matched Romero; HTTP 200.
Romero,bandcamp,https://romeromelbourne.bandcamp.com/album/turn-it-on,romeromelbourne.bandcamp.com,200,true,2026-07-18T09:57:22.526Z,bandcamp resolved directly and the destination metadata or an official artist-controlled cross-link matched Romero; HTTP 200.
Romero,youtube,https://www.youtube.com/,youtube.com,200,true,2026-07-18T09:56:39.568Z,youtube resolved directly and the destination metadata or an official artist-controlled cross-link matched Romero; HTTP 200.
Romero,instagram,https://www.instagram.com/romero.melbourne/,instagram.com,429,true,2026-07-18T09:57:24.238Z,instagram resolved directly and the destination metadata or an official artist-controlled cross-link matched Romero; HTTP 429.
Romero,facebook,https://www.facebook.com/romeromelbourne/,facebook.com,200,true,2026-07-18T09:57:25.324Z,facebook resolved directly and the destination metadata or an official artist-controlled cross-link matched Romero; HTTP 200.
Romero,merchandise,https://romeromelbourne.bandcamp.com/merch,romeromelbourne.bandcamp.com,200,true,2026-07-18T09:57:22.920Z,merchandise resolved directly and the destination metadata or an official artist-controlled cross-link matched Romero; HTTP 200.
Body Type,buyMusic,https://bodytypeband.bandcamp.com/,bodytypeband.bandcamp.com,200,true,2026-07-18T09:57:32.184Z,buyMusic resolved directly and the destination metadata or an official artist-controlled cross-link matched Body Type; HTTP 200.
Body Type,bandcamp,https://bodytypeband.bandcamp.com/,bodytypeband.bandcamp.com,200,true,2026-07-18T09:57:32.184Z,bandcamp resolved directly and the destination metadata or an official artist-controlled cross-link matched Body Type; HTTP 200.
Body Type,youtube,https://www.youtube.com/,youtube.com,200,true,2026-07-18T09:56:39.568Z,youtube resolved directly and the destination metadata or an official artist-controlled cross-link matched Body Type; HTTP 200.
Body Type,instagram,https://www.instagram.com/bodytypeband/,instagram.com,429,true,2026-07-18T09:57:33.501Z,instagram resolved directly and the destination metadata or an official artist-controlled cross-link matched Body Type; HTTP 429.
Body Type,facebook,https://www.facebook.com/bodytypeband/,facebook.com,200,true,2026-07-18T09:57:34.313Z,facebook resolved directly and the destination metadata or an official artist-controlled cross-link matched Body Type; HTTP 200.
Body Type,merchandise,https://bodytypeband.bandcamp.com/releases,bodytypeband.bandcamp.com,200,true,2026-07-18T09:57:32.651Z,merchandise resolved directly and the destination metadata or an official artist-controlled cross-link matched Body Type; HTTP 200.
Body Type,newsReviews,https://www.nme.com/reviews/album/body-type-expired-candy-review-3450497,nme.com,200,true,2026-07-18T09:57:32.776Z,newsReviews resolved directly and the destination metadata or an official artist-controlled cross-link matched Body Type; HTTP 200.
Party Dozen,buyMusic,https://bandcamp.com/signup?new_domain=partydozen,bandcamp.com,200,true,2026-07-18T09:57:24.761Z,buyMusic resolved directly and the destination metadata or an official artist-controlled cross-link matched Party Dozen; HTTP 200.
Party Dozen,spotify,https://open.spotify.com/artist/5LeiYFiAx31mpoPKxdOLOm?si=e8dbbfeae71c4249,open.spotify.com,200,true,2026-07-18T09:57:29.000Z,spotify resolved directly and the destination metadata or an official artist-controlled cross-link matched Party Dozen; HTTP 200.
Party Dozen,bandcamp,https://bandcamp.com/signup?new_domain=partydozen,bandcamp.com,200,true,2026-07-18T09:57:24.761Z,bandcamp resolved directly and the destination metadata or an official artist-controlled cross-link matched Party Dozen; HTTP 200.
Party Dozen,youtube,https://www.youtube.com/@PartyDozen,youtube.com,200,true,2026-07-18T09:57:29.488Z,youtube resolved directly and the destination metadata or an official artist-controlled cross-link matched Party Dozen; HTTP 200.
Party Dozen,instagram,https://www.instagram.com/partydozen/,instagram.com,429,true,2026-07-18T09:57:29.666Z,instagram resolved directly and the destination metadata or an official artist-controlled cross-link matched Party Dozen; HTTP 429.
Party Dozen,facebook,https://www.facebook.com/partydozen/,facebook.com,200,true,2026-07-18T09:57:30.435Z,facebook resolved directly and the destination metadata or an official artist-controlled cross-link matched Party Dozen; HTTP 200.
Party Dozen,website,https://www.partydozen.com/,partydozen.com,200,true,2026-07-18T09:57:24.270Z,website resolved directly and the destination metadata or an official artist-controlled cross-link matched Party Dozen; HTTP 200.
Party Dozen,featuredVideo,https://www.youtube.com/watch?v=cCQGMnY504g,youtube.com,200,true,2026-07-18T09:57:31.351Z,featuredVideo resolved directly and the destination metadata or an official artist-controlled cross-link matched Party Dozen; HTTP 200.
Loose Fit,buyMusic,https://loosefit.bandcamp.com/,loosefit.bandcamp.com,200,true,2026-07-18T09:57:27.677Z,buyMusic resolved directly and the destination metadata or an official artist-controlled cross-link matched Loose Fit; HTTP 200.
Loose Fit,bandcamp,https://loosefit.bandcamp.com/,loosefit.bandcamp.com,200,true,2026-07-18T09:57:27.677Z,bandcamp resolved directly and the destination metadata or an official artist-controlled cross-link matched Loose Fit; HTTP 200.
Loose Fit,instagram,https://www.instagram.com/loosefitband/,instagram.com,429,true,2026-07-18T09:57:28.623Z,instagram resolved directly and the destination metadata or an official artist-controlled cross-link matched Loose Fit; HTTP 429.
Loose Fit,facebook,https://www.facebook.com/loosefitband/,facebook.com,200,true,2026-07-18T09:57:29.372Z,facebook resolved directly and the destination metadata or an official artist-controlled cross-link matched Loose Fit; HTTP 200.
Loose Fit,merchandise,https://loosefit.bandcamp.com/merch,loosefit.bandcamp.com,200,true,2026-07-18T09:57:28.041Z,merchandise resolved directly and the destination metadata or an official artist-controlled cross-link matched Loose Fit; HTTP 200.
Loose Fit,newsReviews,https://www.nme.com/wp-content/uploads/2022/06/The-Delgados-old-press-shot.jpg,nme.com,200,false,2026-07-18T09:57:28.348Z,Insufficient identity evidence.
The Buoys,buyMusic,https://thebuoys.bandcamp.com/,thebuoys.bandcamp.com,200,true,2026-07-18T09:57:32.260Z,buyMusic resolved directly and the destination metadata or an official artist-controlled cross-link matched The Buoys; HTTP 200.
The Buoys,bandcamp,https://thebuoys.bandcamp.com/,thebuoys.bandcamp.com,200,true,2026-07-18T09:57:32.260Z,bandcamp resolved directly and the destination metadata or an official artist-controlled cross-link matched The Buoys; HTTP 200.
The Buoys,youtube,https://www.youtube.com/@thebuoys,youtube.com,200,true,2026-07-18T09:57:34.009Z,youtube resolved directly and the destination metadata or an official artist-controlled cross-link matched The Buoys; HTTP 200.
The Buoys,instagram,https://www.instagram.com/thebuoysband/,instagram.com,429,true,2026-07-18T09:57:34.210Z,instagram resolved directly and the destination metadata or an official artist-controlled cross-link matched The Buoys; HTTP 429.
The Buoys,facebook,https://www.facebook.com/thebuoysband/,facebook.com,200,true,2026-07-18T09:57:35.062Z,facebook resolved directly and the destination metadata or an official artist-controlled cross-link matched The Buoys; HTTP 200.
The Buoys,website,https://www.thebuoysband.com/,thebuoysband.com,200,true,2026-07-18T09:57:31.840Z,website resolved directly and the destination metadata or an official artist-controlled cross-link matched The Buoys; HTTP 200.
The Buoys,featuredVideo,https://www.youtube.com/watch?v=xHgm2XM3Jmw,youtube.com,200,true,2026-07-18T09:57:35.853Z,featuredVideo resolved directly and the destination metadata or an official artist-controlled cross-link matched The Buoys; HTTP 200.
Moaning Lisa,buyMusic,https://moaninglisa.bandcamp.com/album/wonderful,moaninglisa.bandcamp.com,200,true,2026-07-18T09:57:34.964Z,buyMusic resolved directly and the destination metadata or an official artist-controlled cross-link matched Moaning Lisa; HTTP 200.
Moaning Lisa,bandcamp,https://moaninglisa.bandcamp.com/album/wonderful,moaninglisa.bandcamp.com,200,true,2026-07-18T09:57:34.964Z,bandcamp resolved directly and the destination metadata or an official artist-controlled cross-link matched Moaning Lisa; HTTP 200.
Moaning Lisa,youtube,https://www.youtube.com/,youtube.com,200,true,2026-07-18T09:56:39.568Z,youtube resolved directly and the destination metadata or an official artist-controlled cross-link matched Moaning Lisa; HTTP 200.
Moaning Lisa,instagram,https://www.instagram.com/moaninglisaband/,instagram.com,429,true,2026-07-18T09:57:36.809Z,instagram resolved directly and the destination metadata or an official artist-controlled cross-link matched Moaning Lisa; HTTP 429.
Moaning Lisa,facebook,https://www.facebook.com/moaninglisaband/,facebook.com,200,true,2026-07-18T09:57:37.628Z,facebook resolved directly and the destination metadata or an official artist-controlled cross-link matched Moaning Lisa; HTTP 200.
Moaning Lisa,merchandise,https://moaninglisa.bandcamp.com/album/wonderful,moaninglisa.bandcamp.com,200,true,2026-07-18T09:57:35.350Z,merchandise resolved directly and the destination metadata or an official artist-controlled cross-link matched Moaning Lisa; HTTP 200.
VOIID,buyMusic,https://voiid.bandcamp.com/,voiid.bandcamp.com,200,true,2026-07-18T09:57:38.697Z,buyMusic resolved directly and the destination metadata or an official artist-controlled cross-link matched VOIID; HTTP 200.
VOIID,bandcamp,https://voiid.bandcamp.com/,voiid.bandcamp.com,200,true,2026-07-18T09:57:38.697Z,bandcamp resolved directly and the destination metadata or an official artist-controlled cross-link matched VOIID; HTTP 200.
VOIID,youtube,https://www.youtube.com/,youtube.com,200,true,2026-07-18T09:56:39.568Z,youtube resolved directly and the destination metadata or an official artist-controlled cross-link matched VOIID; HTTP 200.
VOIID,instagram,https://www.instagram.com/voiidtheband/,instagram.com,429,true,2026-07-18T09:57:40.317Z,instagram resolved directly and the destination metadata or an official artist-controlled cross-link matched VOIID; HTTP 429.
VOIID,facebook,https://www.facebook.com/voiidtheband/,facebook.com,200,true,2026-07-18T09:57:41.039Z,facebook resolved directly and the destination metadata or an official artist-controlled cross-link matched VOIID; HTTP 200.
VOIID,merchandise,https://voiid.bandcamp.com/track/nieve,voiid.bandcamp.com,200,true,2026-07-18T09:57:39.095Z,merchandise resolved directly and the destination metadata or an official artist-controlled cross-link matched VOIID; HTTP 200.
Sunfruits,buyMusic,https://sunfruits.bandcamp.com/,sunfruits.bandcamp.com,200,true,2026-07-18T09:58:36.007Z,buyMusic resolved directly and the destination metadata or an official artist-controlled cross-link matched Sunfruits; HTTP 200.
Sunfruits,bandcamp,https://sunfruits.bandcamp.com/,sunfruits.bandcamp.com,200,true,2026-07-18T09:58:36.007Z,bandcamp resolved directly and the destination metadata or an official artist-controlled cross-link matched Sunfruits; HTTP 200.
Sunfruits,youtube,https://www.youtube.com/,youtube.com,200,true,2026-07-18T09:56:39.568Z,youtube resolved directly and the destination metadata or an official artist-controlled cross-link matched Sunfruits; HTTP 200.
Sunfruits,instagram,https://www.instagram.com/sunfruitsband/,instagram.com,429,true,2026-07-18T09:58:37.531Z,instagram resolved directly and the destination metadata or an official artist-controlled cross-link matched Sunfruits; HTTP 429.
Sunfruits,facebook,https://www.facebook.com/sunfruitsband/,facebook.com,200,true,2026-07-18T09:58:38.291Z,facebook resolved directly and the destination metadata or an official artist-controlled cross-link matched Sunfruits; HTTP 200.
Sunfruits,merchandise,https://sunfruits.bandcamp.com/merch,sunfruits.bandcamp.com,200,true,2026-07-18T09:58:36.248Z,merchandise resolved directly and the destination metadata or an official artist-controlled cross-link matched Sunfruits; HTTP 200.
Eggy,buyMusic,https://eggyband.bandcamp.com/,eggyband.bandcamp.com,200,true,2026-07-18T09:57:41.504Z,buyMusic resolved directly and the destination metadata or an official artist-controlled cross-link matched Eggy; HTTP 200.
Eggy,bandcamp,https://eggyband.bandcamp.com/,eggyband.bandcamp.com,200,true,2026-07-18T09:57:41.504Z,bandcamp resolved directly and the destination metadata or an official artist-controlled cross-link matched Eggy; HTTP 200.
Eggy,youtube,https://www.youtube.com/watch?v=9SlkGcCah_A,youtube.com,200,true,2026-07-18T09:57:43.101Z,youtube resolved directly and the destination metadata or an official artist-controlled cross-link matched Eggy; HTTP 200.
Eggy,instagram,https://www.instagram.com/eggyband/,instagram.com,429,true,2026-07-18T09:57:43.434Z,instagram resolved directly and the destination metadata or an official artist-controlled cross-link matched Eggy; HTTP 429.
Eggy,facebook,https://www.facebook.com/eggyband/,facebook.com,200,true,2026-07-18T09:57:44.547Z,facebook resolved directly and the destination metadata or an official artist-controlled cross-link matched Eggy; HTTP 200.
Eggy,website,https://linktr.ee/eggyband,linktr.ee,200,true,2026-07-18T09:57:40.958Z,website resolved directly and the destination metadata or an official artist-controlled cross-link matched Eggy; HTTP 200.
Eggy,merchandise,https://eggyband.bandcamp.com/merch,eggyband.bandcamp.com,200,true,2026-07-18T09:57:41.882Z,merchandise resolved directly and the destination metadata or an official artist-controlled cross-link matched Eggy; HTTP 200.
Eggy,featuredVideo,https://www.youtube.com/watch?v=9SlkGcCah_A,youtube.com,200,false,2026-07-18T09:57:43.101Z,Insufficient identity evidence.
Gustaf,buyMusic,https://bandcamp.com/signup?new_domain=gustafnyc,bandcamp.com,200,true,2026-07-18T09:57:45.837Z,buyMusic resolved directly and the destination metadata or an official artist-controlled cross-link matched Gustaf; HTTP 200.
Gustaf,bandcamp,https://bandcamp.com/signup?new_domain=gustafnyc,bandcamp.com,200,true,2026-07-18T09:57:45.837Z,bandcamp resolved directly and the destination metadata or an official artist-controlled cross-link matched Gustaf; HTTP 200.
Gustaf,youtube,https://www.youtube.com/channel/UC7kI8WjpCfFoMSNDuRh_4lA,youtube.com,200,true,2026-07-18T09:56:43.979Z,youtube resolved directly and the destination metadata or an official artist-controlled cross-link matched Gustaf; HTTP 200.
Gustaf,instagram,https://www.instagram.com/gustaf_nyc/,instagram.com,429,true,2026-07-18T09:57:47.108Z,instagram resolved directly and the destination metadata or an official artist-controlled cross-link matched Gustaf; HTTP 429.
Gustaf,facebook,https://www.facebook.com/gustafnyc/,facebook.com,200,true,2026-07-18T09:57:47.932Z,facebook resolved directly and the destination metadata or an official artist-controlled cross-link matched Gustaf; HTTP 200.
Gustaf,featuredVideo,https://www.youtube.com/watch?v=_HMrf1tN878,youtube.com,200,true,2026-07-18T09:56:46.719Z,featuredVideo resolved directly and the destination metadata or an official artist-controlled cross-link matched Gustaf; HTTP 200.
Bodega,buyMusic,https://bodega.bandcamp.com/album/without-a-plan,bodega.bandcamp.com,200,true,2026-07-18T09:57:45.499Z,buyMusic resolved directly and the destination metadata or an official artist-controlled cross-link matched Bodega; HTTP 200.
Bodega,bandcamp,https://bodega.bandcamp.com/album/without-a-plan,bodega.bandcamp.com,200,true,2026-07-18T09:57:45.499Z,bandcamp resolved directly and the destination metadata or an official artist-controlled cross-link matched Bodega; HTTP 200.
Bodega,youtube,https://www.youtube.com/channel/UC7kI8WjpCfFoMSNDuRh_4lA,youtube.com,200,true,2026-07-18T09:56:43.979Z,youtube resolved directly and the destination metadata or an official artist-controlled cross-link matched Bodega; HTTP 200.
Bodega,instagram,https://www.instagram.com/bodega_bk/,instagram.com,429,true,2026-07-18T09:57:47.502Z,instagram resolved directly and the destination metadata or an official artist-controlled cross-link matched Bodega; HTTP 429.
Bodega,facebook,https://www.facebook.com/bodegabk/,facebook.com,200,true,2026-07-18T09:57:48.255Z,facebook resolved directly and the destination metadata or an official artist-controlled cross-link matched Bodega; HTTP 200.
Bodega,website,https://www.bodegabk.com/,bodegabk.com,200,true,2026-07-18T09:57:44.744Z,website resolved directly and the destination metadata or an official artist-controlled cross-link matched Bodega; HTTP 200.
Bodega,merchandise,https://bodega.bandcamp.com/album/without-a-plan,bodega.bandcamp.com,200,true,2026-07-18T09:57:46.132Z,merchandise resolved directly and the destination metadata or an official artist-controlled cross-link matched Bodega; HTTP 200.
Bodega,featuredVideo,https://www.youtube.com/watch?v=_HMrf1tN878,youtube.com,200,true,2026-07-18T09:56:46.719Z,featuredVideo resolved directly and the destination metadata or an official artist-controlled cross-link matched Bodega; HTTP 200.
Deeper,buyMusic,https://deeperchi.bandcamp.com/,deeperchi.bandcamp.com,200,true,2026-07-18T09:57:49.090Z,buyMusic resolved directly and the destination metadata or an official artist-controlled cross-link matched Deeper; HTTP 200.
Deeper,spotify,https://open.spotify.com/artist/2OdkcNnvSRbVRcziM3OK2S,open.spotify.com,200,true,2026-07-18T09:57:50.331Z,spotify resolved directly and the destination metadata or an official artist-controlled cross-link matched Deeper; HTTP 200.
Deeper,bandcamp,https://deeperchi.bandcamp.com/,deeperchi.bandcamp.com,200,true,2026-07-18T09:57:49.090Z,bandcamp resolved directly and the destination metadata or an official artist-controlled cross-link matched Deeper; HTTP 200.
Deeper,youtube,https://www.youtube.com/channel/UC7kI8WjpCfFoMSNDuRh_4lA,youtube.com,200,true,2026-07-18T09:56:43.979Z,youtube resolved directly and the destination metadata or an official artist-controlled cross-link matched Deeper; HTTP 200.
Deeper,instagram,https://www.instagram.com/deeperchi/,instagram.com,429,true,2026-07-18T09:57:50.621Z,instagram resolved directly and the destination metadata or an official artist-controlled cross-link matched Deeper; HTTP 429.
Deeper,facebook,https://www.facebook.com/deeperchi/,facebook.com,200,true,2026-07-18T09:57:51.600Z,facebook resolved directly and the destination metadata or an official artist-controlled cross-link matched Deeper; HTTP 200.
Deeper,website,https://www.deeperchi.com/,deeperchi.com,200,true,2026-07-18T09:57:48.535Z,website resolved directly and the destination metadata or an official artist-controlled cross-link matched Deeper; HTTP 200.
Deeper,merchandise,https://deeperchi.bandcamp.com/merch,deeperchi.bandcamp.com,200,true,2026-07-18T09:57:49.448Z,merchandise resolved directly and the destination metadata or an official artist-controlled cross-link matched Deeper; HTTP 200.
Deeper,featuredVideo,https://www.youtube.com/watch?v=_HMrf1tN878,youtube.com,200,true,2026-07-18T09:56:46.719Z,featuredVideo resolved directly and the destination metadata or an official artist-controlled cross-link matched Deeper; HTTP 200.
Cola,buyMusic,https://cola.bandcamp.com/,cola.bandcamp.com,200,true,2026-07-18T09:57:52.885Z,buyMusic resolved directly and the destination metadata or an official artist-controlled cross-link matched Cola; HTTP 200.
Cola,bandcamp,https://cola.bandcamp.com/,cola.bandcamp.com,200,true,2026-07-18T09:57:52.885Z,bandcamp resolved directly and the destination metadata or an official artist-controlled cross-link matched Cola; HTTP 200.
Cola,youtube,https://www.youtube.com/watch?v=uAesPEZlAEo,youtube.com,200,true,2026-07-18T09:57:54.407Z,youtube resolved directly and the destination metadata or an official artist-controlled cross-link matched Cola; HTTP 200.
Cola,instagram,https://www.instagram.com/cola.band/,instagram.com,429,true,2026-07-18T09:57:54.516Z,instagram resolved directly and the destination metadata or an official artist-controlled cross-link matched Cola; HTTP 429.
Cola,facebook,https://www.facebook.com/colaband/,facebook.com,200,true,2026-07-18T09:57:55.350Z,facebook resolved directly and the destination metadata or an official artist-controlled cross-link matched Cola; HTTP 200.
Cola,merchandise,https://cola.bandcamp.com/track/chemical-complexity,cola.bandcamp.com,200,true,2026-07-18T09:57:53.463Z,merchandise resolved directly and the destination metadata or an official artist-controlled cross-link matched Cola; HTTP 200.
Cola,newsReviews,https://pitchfork.com/reviews/albums/cola-deep-in-view/,pitchfork.com,200,true,2026-07-18T09:57:53.531Z,newsReviews resolved directly and the destination metadata or an official artist-controlled cross-link matched Cola; HTTP 200.
Cola,featuredVideo,https://www.youtube.com/watch?v=uAesPEZlAEo,youtube.com,200,false,2026-07-18T09:57:54.407Z,Insufficient identity evidence.
Omni,buyMusic,https://omniatl.bandcamp.com/track/high-ceilings,omniatl.bandcamp.com,200,true,2026-07-18T09:58:25.303Z,buyMusic resolved directly and the destination metadata or an official artist-controlled cross-link matched Omni; HTTP 200.
Omni,bandcamp,https://omniatl.bandcamp.com/track/high-ceilings,omniatl.bandcamp.com,200,true,2026-07-18T09:58:25.303Z,bandcamp resolved directly and the destination metadata or an official artist-controlled cross-link matched Omni; HTTP 200.
Omni,youtube,https://www.youtube.com/channel/UC7kI8WjpCfFoMSNDuRh_4lA,youtube.com,200,true,2026-07-18T09:56:43.979Z,youtube resolved directly and the destination metadata or an official artist-controlled cross-link matched Omni; HTTP 200.
Omni,instagram,https://www.instagram.com/omniatl/,instagram.com,429,true,2026-07-18T09:58:26.479Z,instagram resolved directly and the destination metadata or an official artist-controlled cross-link matched Omni; HTTP 429.
Omni,facebook,https://www.facebook.com/omniatl/,facebook.com,200,true,2026-07-18T09:58:27.447Z,facebook resolved directly and the destination metadata or an official artist-controlled cross-link matched Omni; HTTP 200.
Omni,merchandise,https://omniatl.bandcamp.com/merch,omniatl.bandcamp.com,200,true,2026-07-18T09:58:25.491Z,merchandise resolved directly and the destination metadata or an official artist-controlled cross-link matched Omni; HTTP 200.
Omni,featuredVideo,https://www.youtube.com/watch?v=_HMrf1tN878,youtube.com,200,true,2026-07-18T09:56:46.719Z,featuredVideo resolved directly and the destination metadata or an official artist-controlled cross-link matched Omni; HTTP 200.
TV Priest,buyMusic,https://tvpriest.bandcamp.com/,tvpriest.bandcamp.com,200,true,2026-07-18T09:57:57.897Z,buyMusic resolved directly and the destination metadata or an official artist-controlled cross-link matched TV Priest; HTTP 200.
TV Priest,bandcamp,https://tvpriest.bandcamp.com/,tvpriest.bandcamp.com,200,true,2026-07-18T09:57:57.897Z,bandcamp resolved directly and the destination metadata or an official artist-controlled cross-link matched TV Priest; HTTP 200.
TV Priest,youtube,https://www.youtube.com/watch?v=uDRLW748j68&ab_channel=RESUMIDO,youtube.com,200,true,2026-07-18T09:57:59.499Z,youtube resolved directly and the destination metadata or an official artist-controlled cross-link matched TV Priest; HTTP 200.
TV Priest,instagram,https://www.instagram.com/tvpriest/,instagram.com,429,true,2026-07-18T09:57:59.646Z,instagram resolved directly and the destination metadata or an official artist-controlled cross-link matched TV Priest; HTTP 429.
TV Priest,facebook,https://www.facebook.com/tvpriestband/,facebook.com,200,true,2026-07-18T09:58:00.306Z,facebook resolved directly and the destination metadata or an official artist-controlled cross-link matched TV Priest; HTTP 200.
TV Priest,merchandise,https://tvpriest.bandcamp.com/merch,tvpriest.bandcamp.com,200,true,2026-07-18T09:57:58.259Z,merchandise resolved directly and the destination metadata or an official artist-controlled cross-link matched TV Priest; HTTP 200.
TV Priest,newsReviews,https://pitchfork.com/reviews/albums/tv-priest-uppers/,pitchfork.com,200,true,2026-07-18T09:57:58.462Z,newsReviews resolved directly and the destination metadata or an official artist-controlled cross-link matched TV Priest; HTTP 200.
TV Priest,featuredVideo,https://www.youtube.com/watch?v=uDRLW748j68&ab_channel=RESUMIDO,youtube.com,200,false,2026-07-18T09:57:59.499Z,Insufficient identity evidence.
Silver Synthetic,buyMusic,https://silversynthetic.bandcamp.com/,silversynthetic.bandcamp.com,200,true,2026-07-18T09:58:00.910Z,buyMusic resolved directly and the destination metadata or an official artist-controlled cross-link matched Silver Synthetic; HTTP 200.
Silver Synthetic,spotify,https://open.spotify.com/artist/3IAqbfoY2vJbB6r1acXmle?si=wLAE9XVdQ2Ga6NpdxxWV2Q,open.spotify.com,200,true,2026-07-18T09:58:02.346Z,spotify resolved directly and the destination metadata or an official artist-controlled cross-link matched Silver Synthetic; HTTP 200.
Silver Synthetic,bandcamp,https://silversynthetic.bandcamp.com/,silversynthetic.bandcamp.com,200,true,2026-07-18T09:58:00.910Z,bandcamp resolved directly and the destination metadata or an official artist-controlled cross-link matched Silver Synthetic; HTTP 200.
Silver Synthetic,youtube,https://www.youtube.com/@silversynthetic,youtube.com,200,true,2026-07-18T09:58:02.693Z,youtube resolved directly and the destination metadata or an official artist-controlled cross-link matched Silver Synthetic; HTTP 200.
Silver Synthetic,instagram,https://www.instagram.com/silversynthetic/,instagram.com,429,true,2026-07-18T09:58:03.028Z,instagram resolved directly and the destination metadata or an official artist-controlled cross-link matched Silver Synthetic; HTTP 429.
Silver Synthetic,facebook,https://www.facebook.com/silversynthetic/,facebook.com,200,true,2026-07-18T09:58:04.010Z,facebook resolved directly and the destination metadata or an official artist-controlled cross-link matched Silver Synthetic; HTTP 200.
Silver Synthetic,website,https://www.silversynthetic.com/,silversynthetic.com,200,true,2026-07-18T09:58:00.520Z,website resolved directly and the destination metadata or an official artist-controlled cross-link matched Silver Synthetic; HTTP 200.
Silver Synthetic,merchandise,https://silversynthetic.bandcamp.com/merch,silversynthetic.bandcamp.com,200,true,2026-07-18T09:58:01.508Z,merchandise resolved directly and the destination metadata or an official artist-controlled cross-link matched Silver Synthetic; HTTP 200.
Silver Synthetic,featuredVideo,https://www.youtube.com/watch?v=pNC1eyKkDB0,youtube.com,200,true,2026-07-18T09:58:04.701Z,featuredVideo resolved directly and the destination metadata or an official artist-controlled cross-link matched Silver Synthetic; HTTP 200.
Being Dead,buyMusic,https://beingdead.bandcamp.com/album/eels,beingdead.bandcamp.com,200,true,2026-07-18T09:58:07.138Z,buyMusic resolved directly and the destination metadata or an official artist-controlled cross-link matched Being Dead; HTTP 200.
Being Dead,bandcamp,https://beingdead.bandcamp.com/album/eels,beingdead.bandcamp.com,200,true,2026-07-18T09:58:07.138Z,bandcamp resolved directly and the destination metadata or an official artist-controlled cross-link matched Being Dead; HTTP 200.
Being Dead,youtube,https://www.youtube.com/channel/UC7kI8WjpCfFoMSNDuRh_4lA,youtube.com,200,true,2026-07-18T09:56:43.979Z,youtube resolved directly and the destination metadata or an official artist-controlled cross-link matched Being Dead; HTTP 200.
Being Dead,instagram,https://www.instagram.com/beingdeadband/,instagram.com,429,true,2026-07-18T09:58:08.300Z,instagram resolved directly and the destination metadata or an official artist-controlled cross-link matched Being Dead; HTTP 429.
Being Dead,facebook,https://www.facebook.com/beingdeadband/,facebook.com,200,true,2026-07-18T09:58:09.045Z,facebook resolved directly and the destination metadata or an official artist-controlled cross-link matched Being Dead; HTTP 200.
Being Dead,merchandise,https://beingdead.bandcamp.com/merch,beingdead.bandcamp.com,200,true,2026-07-18T09:58:07.331Z,merchandise resolved directly and the destination metadata or an official artist-controlled cross-link matched Being Dead; HTTP 200.
Being Dead,newsReviews,https://pitchfork.com/reviews/albums/being-dead-when-horses-would-run/,pitchfork.com,200,true,2026-07-18T09:58:07.576Z,newsReviews resolved directly and the destination metadata or an official artist-controlled cross-link matched Being Dead; HTTP 200.
Being Dead,featuredVideo,https://www.youtube.com/watch?v=_HMrf1tN878,youtube.com,200,true,2026-07-18T09:56:46.719Z,featuredVideo resolved directly and the destination metadata or an official artist-controlled cross-link matched Being Dead; HTTP 200.
THUS LOVE,buyMusic,https://thuslove.bandcamp.com/,thuslove.bandcamp.com,200,true,2026-07-18T09:58:13.869Z,buyMusic resolved directly and the destination metadata or an official artist-controlled cross-link matched THUS LOVE; HTTP 200.
THUS LOVE,bandcamp,https://thuslove.bandcamp.com/,thuslove.bandcamp.com,200,true,2026-07-18T09:58:13.869Z,bandcamp resolved directly and the destination metadata or an official artist-controlled cross-link matched THUS LOVE; HTTP 200.
THUS LOVE,youtube,https://www.youtube.com/channel/UC7kI8WjpCfFoMSNDuRh_4lA,youtube.com,200,true,2026-07-18T09:56:43.979Z,youtube resolved directly and the destination metadata or an official artist-controlled cross-link matched THUS LOVE; HTTP 200.
THUS LOVE,instagram,https://www.instagram.com/thuslove/,instagram.com,429,true,2026-07-18T09:58:15.044Z,instagram resolved directly and the destination metadata or an official artist-controlled cross-link matched THUS LOVE; HTTP 429.
THUS LOVE,facebook,https://www.facebook.com/thuslove/,facebook.com,200,true,2026-07-18T09:58:16.151Z,facebook resolved directly and the destination metadata or an official artist-controlled cross-link matched THUS LOVE; HTTP 200.
THUS LOVE,merchandise,https://thuslove.bandcamp.com/merch,thuslove.bandcamp.com,200,true,2026-07-18T09:58:14.144Z,merchandise resolved directly and the destination metadata or an official artist-controlled cross-link matched THUS LOVE; HTTP 200.
THUS LOVE,featuredVideo,https://www.youtube.com/watch?v=_HMrf1tN878,youtube.com,200,true,2026-07-18T09:56:46.719Z,featuredVideo resolved directly and the destination metadata or an official artist-controlled cross-link matched THUS LOVE; HTTP 200.
The Tubs,buyMusic,https://thetubs.bandcamp.com/,thetubs.bandcamp.com,200,true,2026-07-18T09:58:20.668Z,buyMusic resolved directly and the destination metadata or an official artist-controlled cross-link matched The Tubs; HTTP 200.
The Tubs,bandcamp,https://thetubs.bandcamp.com/,thetubs.bandcamp.com,200,true,2026-07-18T09:58:20.668Z,bandcamp resolved directly and the destination metadata or an official artist-controlled cross-link matched The Tubs; HTTP 200.
The Tubs,youtube,https://www.youtube.com/channel/UC7kI8WjpCfFoMSNDuRh_4lA,youtube.com,200,true,2026-07-18T09:56:43.979Z,youtube resolved directly and the destination metadata or an official artist-controlled cross-link matched The Tubs; HTTP 200.
The Tubs,instagram,https://www.instagram.com/the_tubs_/,instagram.com,429,true,2026-07-18T09:58:21.991Z,instagram resolved directly and the destination metadata or an official artist-controlled cross-link matched The Tubs; HTTP 429.
The Tubs,facebook,https://www.facebook.com/thetubsband/,facebook.com,200,true,2026-07-18T09:58:22.827Z,facebook resolved directly and the destination metadata or an official artist-controlled cross-link matched The Tubs; HTTP 200.
The Tubs,merchandise,https://thetubs.bandcamp.com/merch,thetubs.bandcamp.com,200,true,2026-07-18T09:58:21.064Z,merchandise resolved directly and the destination metadata or an official artist-controlled cross-link matched The Tubs; HTTP 200.
The Tubs,newsReviews,https://pitchfork.com/reviews/albums/the-tubs-dead-meat/,pitchfork.com,200,true,2026-07-18T09:58:21.251Z,newsReviews resolved directly and the destination metadata or an official artist-controlled cross-link matched The Tubs; HTTP 200.
The Tubs,featuredVideo,https://www.youtube.com/watch?v=_HMrf1tN878,youtube.com,200,true,2026-07-18T09:56:46.719Z,featuredVideo resolved directly and the destination metadata or an official artist-controlled cross-link matched The Tubs; HTTP 200.
